{
  "fio version" : "fio-3.19",
  "timestamp" : 1636758254,
  "timestamp_ms" : 1636758254372,
  "time" : "Fri Nov 12 23:04:14 2021",
  "global options" : {
    "ioengine" : "libaio",
    "direct" : "1",
    "allow_file_create" : "1",
    "create_only" : "0",
    "runtime" : "600",
    "ramp_time" : "10",
    "directory" : "/hdd-nfs",
    "size" : "9G",
    "rw" : "read"
  },
  "jobs" : [
    {
      "jobname" : "seqread",
      "groupid" : 0,
      "error" : 0,
      "eta" : 0,
      "elapsed" : 611,
      "job options" : {
        "name" : "seqread",
        "bs" : "8k",
        "numjobs" : "32",
        "iodepth" : "20",
        "filename_format" : "seqread.$jobnum.$filenum"
      },
      "read" : {
        "io_bytes" : 271303680000,
        "io_kbytes" : 264945000,
        "bw_bytes" : 452163756,
        "bw" : 441566,
        "iops" : 55194.756105,
        "runtime" : 600012,
        "total_ios" : 33117516,
        "short_ios" : 0,
        "drop_ios" : 0,
        "slat_ns" : {
          "min" : 1263,
          "max" : 770918,
          "mean" : 4761.780941,
          "stddev" : 3386.377957,
          "N" : 33117517
        },
        "clat_ns" : {
          "min" : 7816435,
          "max" : 248488352,
          "mean" : 11589853.992047,
          "stddev" : 1137642.096513,
          "N" : 33118124,
          "percentile" : {
            "1.000000" : 10813440,
            "5.000000" : 11075584,
            "10.000000" : 11075584,
            "20.000000" : 11206656,
            "30.000000" : 11337728,
            "40.000000" : 11468800,
            "50.000000" : 11468800,
            "60.000000" : 11599872,
            "70.000000" : 11730944,
            "80.000000" : 11862016,
            "90.000000" : 12124160,
            "95.000000" : 12386304,
            "99.000000" : 12779520,
            "99.500000" : 13041664,
            "99.900000" : 13565952,
            "99.950000" : 13828096,
            "99.990000" : 15138816
          }
        },
        "lat_ns" : {
          "min" : 7819911,
          "max" : 248491562,
          "mean" : 11594700.030526,
          "stddev" : 1137606.454084,
          "N" : 33118124
        },
        "bw_min" : 235616,
        "bw_max" : 455376,
        "bw_agg" : 100.000000,
        "bw_mean" : 441993.416528,
        "bw_dev" : 256.085002,
        "bw_samples" : 38336,
        "iops_min" : 29452,
        "iops_max" : 56922,
        "iops_mean" : 55249.161102,
        "iops_stddev" : 32.010793,
        "iops_samples" : 38336
      },
      "write" : {
        "io_bytes" : 0,
        "io_kbytes" : 0,
        "bw_bytes" : 0,
        "bw" : 0,
        "iops" : 0.000000,
        "runtime" : 0,
        "total_ios" : 0,
        "short_ios" : 0,
        "drop_ios" : 0,
        "slat_ns" : {
          "min" : 0,
          "max" : 0,
          "mean" : 0.000000,
          "stddev" : 0.000000,
          "N" : 0
        },
        "clat_ns" : {
          "min" : 0,
          "max" : 0,
          "mean" : 0.000000,
          "stddev" : 0.000000,
          "N" : 0
        },
        "lat_ns" : {
          "min" : 0,
          "max" : 0,
          "mean" : 0.000000,
          "stddev" : 0.000000,
          "N" : 0
        },
        "bw_min" : 0,
        "bw_max" : 0,
        "bw_agg" : 0.000000,
        "bw_mean" : 0.000000,
        "bw_dev" : 0.000000,
        "bw_samples" : 0,
        "iops_min" : 0,
        "iops_max" : 0,
        "iops_mean" : 0.000000,
        "iops_stddev" : 0.000000,
        "iops_samples" : 0
      },
      "trim" : {
        "io_bytes" : 0,
        "io_kbytes" : 0,
        "bw_bytes" : 0,
        "bw" : 0,
        "iops" : 0.000000,
        "runtime" : 0,
        "total_ios" : 0,
        "short_ios" : 0,
        "drop_ios" : 0,
        "slat_ns" : {
          "min" : 0,
          "max" : 0,
          "mean" : 0.000000,
          "stddev" : 0.000000,
          "N" : 0
        },
        "clat_ns" : {
          "min" : 0,
          "max" : 0,
          "mean" : 0.000000,
          "stddev" : 0.000000,
          "N" : 0
        },
        "lat_ns" : {
          "min" : 0,
          "max" : 0,
          "mean" : 0.000000,
          "stddev" : 0.000000,
          "N" : 0
        },
        "bw_min" : 0,
        "bw_max" : 0,
        "bw_agg" : 0.000000,
        "bw_mean" : 0.000000,
        "bw_dev" : 0.000000,
        "bw_samples" : 0,
        "iops_min" : 0,
        "iops_max" : 0,
        "iops_mean" : 0.000000,
        "iops_stddev" : 0.000000,
        "iops_samples" : 0
      },
      "sync" : {
        "total_ios" : 0,
        "lat_ns" : {
          "min" : 0,
          "max" : 0,
          "mean" : 0.000000,
          "stddev" : 0.000000,
          "N" : 0
        }
      },
      "job_runtime" : 19200292,
      "usr_cpu" : 0.204653,
      "sys_cpu" : 1.239132,
      "ctx" : 32498999,
      "majf" : 0,
      "minf" : 8385,
      "iodepth_level" : {
        "1" : 0.000000,
        "2" : 0.000000,
        "4" : 0.000000,
        "8" : 0.000000,
        "16" : 100.000000,
        "32" : 0.000000,
        ">=64" : 0.000000
      },
      "iodepth_submit" : {
        "0" : 0.000000,
        "4" : 100.000000,
        "8" : 0.000000,
        "16" : 0.000000,
        "32" : 0.000000,
        "64" : 0.000000,
        ">=64" : 0.000000
      },
      "iodepth_complete" : {
        "0" : 0.000000,
        "4" : 99.999903,
        "8" : 0.000000,
        "16" : 0.000000,
        "32" : 0.100000,
        "64" : 0.000000,
        ">=64" : 0.000000
      },
      "latency_ns" : {
        "2" : 0.000000,
        "4" : 0.000000,
        "10" : 0.000000,
        "20" : 0.000000,
        "50" : 0.000000,
        "100" : 0.000000,
        "250" : 0.000000,
        "500" : 0.000000,
        "750" : 0.000000,
        "1000" : 0.000000
      },
      "latency_us" : {
        "2" : 0.000000,
        "4" : 0.000000,
        "10" : 0.000000,
        "20" : 0.000000,
        "50" : 0.000000,
        "100" : 0.000000,
        "250" : 0.000000,
        "500" : 0.000000,
        "750" : 0.000000,
        "1000" : 0.000000
      },
      "latency_ms" : {
        "2" : 0.000000,
        "4" : 0.000000,
        "10" : 0.014874,
        "20" : 99.982490,
        "50" : 0.010000,
        "100" : 0.010000,
        "250" : 0.010000,
        "500" : 0.000000,
        "750" : 0.000000,
        "1000" : 0.000000,
        "2000" : 0.000000,
        ">=2000" : 0.000000
      },
      "latency_depth" : 20,
      "latency_target" : 0,
      "latency_percentile" : 100.000000,
      "latency_window" : 0
    }
  ]
}
