{
  "fio version" : "fio-3.19",
  "timestamp" : 1636760701,
  "timestamp_ms" : 1636760701448,
  "time" : "Fri Nov 12 23:45:01 2021",
  "global options" : {
    "ioengine" : "libaio",
    "direct" : "1",
    "allow_file_create" : "1",
    "create_only" : "0",
    "runtime" : "600",
    "ramp_time" : "10",
    "directory" : "/hdd-nfs",
    "size" : "9G",
    "rw" : "rw",
    "rwmixread" : "50"
  },
  "jobs" : [
    {
      "jobname" : "seqrw",
      "groupid" : 0,
      "error" : 0,
      "eta" : 0,
      "elapsed" : 611,
      "job options" : {
        "name" : "seqrw",
        "bs" : "8k",
        "numjobs" : "32",
        "iodepth" : "20",
        "filename_format" : "seqrw2.$jobnum.$filenum"
      },
      "read" : {
        "io_bytes" : 118663847936,
        "io_kbytes" : 115882664,
        "bw_bytes" : 197757588,
        "bw" : 193122,
        "iops" : 24139.794049,
        "runtime" : 600047,
        "total_ios" : 14485011,
        "short_ios" : 0,
        "drop_ios" : 0,
        "slat_ns" : {
          "min" : 1364,
          "max" : 539132,
          "mean" : 5340.107613,
          "stddev" : 3930.627016,
          "N" : 14485011
        },
        "clat_ns" : {
          "min" : 8902898,
          "max" : 59950814,
          "mean" : 13175328.528035,
          "stddev" : 492744.626572,
          "N" : 14485333,
          "percentile" : {
            "1.000000" : 12386304,
            "5.000000" : 12648448,
            "10.000000" : 12779520,
            "20.000000" : 12910592,
            "30.000000" : 12910592,
            "40.000000" : 13041664,
            "50.000000" : 13041664,
            "60.000000" : 13172736,
            "70.000000" : 13303808,
            "80.000000" : 13434880,
            "90.000000" : 13959168,
            "95.000000" : 14090240,
            "99.000000" : 14483456,
            "99.500000" : 14614528,
            "99.900000" : 15007744,
            "99.950000" : 15400960,
            "99.990000" : 16449536
          }
        },
        "lat_ns" : {
          "min" : 8906482,
          "max" : 59956038,
          "mean" : 13180758.996826,
          "stddev" : 492457.764177,
          "N" : 14485333
        },
        "bw_min" : 137824,
        "bw_max" : 218272,
        "bw_agg" : 100.000000,
        "bw_mean" : 193324.514055,
        "bw_dev" : 254.443308,
        "bw_samples" : 38335,
        "iops_min" : 17228,
        "iops_max" : 27284,
        "iops_mean" : 24165.555805,
        "iops_stddev" : 31.805564,
        "iops_samples" : 38335
      },
      "write" : {
        "io_bytes" : 118683934720,
        "io_kbytes" : 115902280,
        "bw_bytes" : 197791064,
        "bw" : 193155,
        "iops" : 24143.940391,
        "runtime" : 600047,
        "total_ios" : 14487499,
        "short_ios" : 0,
        "drop_ios" : 0,
        "slat_ns" : {
          "min" : 1537,
          "max" : 990093,
          "mean" : 5908.735360,
          "stddev" : 3975.401554,
          "N" : 14487499
        },
        "clat_ns" : {
          "min" : 8704508,
          "max" : 703809834,
          "mean" : 13320152.303066,
          "stddev" : 2087541.958712,
          "N" : 14487785,
          "percentile" : {
            "1.000000" : 12386304,
            "5.000000" : 12648448,
            "10.000000" : 12779520,
            "20.000000" : 12910592,
            "30.000000" : 13041664,
            "40.000000" : 13041664,
            "50.000000" : 13172736,
            "60.000000" : 13172736,
            "70.000000" : 13303808,
            "80.000000" : 13565952,
            "90.000000" : 14090240,
            "95.000000" : 14221312,
            "99.000000" : 14614528,
            "99.500000" : 15007744,
            "99.900000" : 32899072,
            "99.950000" : 47972352,
            "99.990000" : 99090432
          }
        },
        "lat_ns" : {
          "min" : 8709479,
          "max" : 703814173,
          "mean" : 13326152.385066,
          "stddev" : 2087461.445607,
          "N" : 14487785
        },
        "bw_min" : 135200,
        "bw_max" : 217184,
        "bw_agg" : 100.000000,
        "bw_mean" : 193352.870618,
        "bw_dev" : 253.474372,
        "bw_samples" : 38336,
        "iops_min" : 16900,
        "iops_max" : 27148,
        "iops_mean" : 24169.100167,
        "iops_stddev" : 31.684114,
        "iops_samples" : 38336
      },
      "trim" : {
        "io_bytes" : 0,
        "io_kbytes" : 0,
        "bw_bytes" : 0,
        "bw" : 0,
        "iops" : 0.000000,
        "runtime" : 0,
        "total_ios" : 0,
        "short_ios" : 0,
        "drop_ios" : 0,
        "slat_ns" : {
          "min" : 0,
          "max" : 0,
          "mean" : 0.000000,
          "stddev" : 0.000000,
          "N" : 0
        },
        "clat_ns" : {
          "min" : 0,
          "max" : 0,
          "mean" : 0.000000,
          "stddev" : 0.000000,
          "N" : 0
        },
        "lat_ns" : {
          "min" : 0,
          "max" : 0,
          "mean" : 0.000000,
          "stddev" : 0.000000,
          "N" : 0
        },
        "bw_min" : 0,
        "bw_max" : 0,
        "bw_agg" : 0.000000,
        "bw_mean" : 0.000000,
        "bw_dev" : 0.000000,
        "bw_samples" : 0,
        "iops_min" : 0,
        "iops_max" : 0,
        "iops_mean" : 0.000000,
        "iops_stddev" : 0.000000,
        "iops_samples" : 0
      },
      "sync" : {
        "total_ios" : 0,
        "lat_ns" : {
          "min" : 0,
          "max" : 0,
          "mean" : 0.000000,
          "stddev" : 0.000000,
          "N" : 0
        }
      },
      "job_runtime" : 19200369,
      "usr_cpu" : 0.259391,
      "sys_cpu" : 1.244591,
      "ctx" : 28406320,
      "majf" : 0,
      "minf" : 8754,
      "iodepth_level" : {
        "1" : 0.000000,
        "2" : 0.000000,
        "4" : 0.000000,
        "8" : 0.000000,
        "16" : 100.000000,
        "32" : 0.000000,
        ">=64" : 0.000000
      },
      "iodepth_submit" : {
        "0" : 0.000000,
        "4" : 100.000000,
        "8" : 0.000000,
        "16" : 0.000000,
        "32" : 0.000000,
        "64" : 0.000000,
        ">=64" : 0.000000
      },
      "iodepth_complete" : {
        "0" : 0.000000,
        "4" : 99.999890,
        "8" : 0.000000,
        "16" : 0.000000,
        "32" : 0.100000,
        "64" : 0.000000,
        ">=64" : 0.000000
      },
      "latency_ns" : {
        "2" : 0.000000,
        "4" : 0.000000,
        "10" : 0.000000,
        "20" : 0.000000,
        "50" : 0.000000,
        "100" : 0.000000,
        "250" : 0.000000,
        "500" : 0.000000,
        "750" : 0.000000,
        "1000" : 0.000000
      },
      "latency_us" : {
        "2" : 0.000000,
        "4" : 0.000000,
        "10" : 0.000000,
        "20" : 0.000000,
        "50" : 0.000000,
        "100" : 0.000000,
        "250" : 0.000000,
        "500" : 0.000000,
        "750" : 0.000000,
        "1000" : 0.000000
      },
      "latency_ms" : {
        "2" : 0.000000,
        "4" : 0.000000,
        "10" : 0.010000,
        "20" : 99.876248,
        "50" : 0.102349,
        "100" : 0.018611,
        "250" : 0.010000,
        "500" : 0.010000,
        "750" : 0.010000,
        "1000" : 0.000000,
        "2000" : 0.000000,
        ">=2000" : 0.000000
      },
      "latency_depth" : 20,
      "latency_target" : 0,
      "latency_percentile" : 100.000000,
      "latency_window" : 0
    }
  ]
}
