{
  "fio version" : "fio-3.19",
  "timestamp" : 1636759477,
  "timestamp_ms" : 1636759477778,
  "time" : "Fri Nov 12 23:24:37 2021",
  "global options" : {
    "ioengine" : "libaio",
    "direct" : "1",
    "allow_file_create" : "1",
    "create_only" : "0",
    "runtime" : "600",
    "ramp_time" : "10",
    "directory" : "/hdd-nfs",
    "size" : "9G",
    "rw" : "rw",
    "rwmixread" : "70"
  },
  "jobs" : [
    {
      "jobname" : "seqrw",
      "groupid" : 0,
      "error" : 0,
      "eta" : 0,
      "elapsed" : 611,
      "job options" : {
        "name" : "seqrw",
        "bs" : "8k",
        "numjobs" : "32",
        "iodepth" : "20",
        "filename_format" : "seqrw.$jobnum.$filenum"
      },
      "read" : {
        "io_bytes" : 171459985408,
        "io_kbytes" : 167441392,
        "bw_bytes" : 285760450,
        "bw" : 279062,
        "iops" : 34882.164220,
        "runtime" : 600013,
        "total_ios" : 20929752,
        "short_ios" : 0,
        "drop_ios" : 0,
        "slat_ns" : {
          "min" : 1339,
          "max" : 629786,
          "mean" : 5159.549190,
          "stddev" : 3838.865128,
          "N" : 20929752
        },
        "clat_ns" : {
          "min" : 6971301,
          "max" : 253534698,
          "mean" : 12801156.648162,
          "stddev" : 1261005.762937,
          "N" : 20930174,
          "percentile" : {
            "1.000000" : 11993088,
            "5.000000" : 12255232,
            "10.000000" : 12255232,
            "20.000000" : 12386304,
            "30.000000" : 12517376,
            "40.000000" : 12648448,
            "50.000000" : 12648448,
            "60.000000" : 12779520,
            "70.000000" : 12910592,
            "80.000000" : 13172736,
            "90.000000" : 13565952,
            "95.000000" : 13697024,
            "99.000000" : 14090240,
            "99.500000" : 14221312,
            "99.900000" : 14745600,
            "99.950000" : 15138816,
            "99.990000" : 16449536
          }
        },
        "lat_ns" : {
          "min" : 6975992,
          "max" : 253539730,
          "mean" : 12806406.393778,
          "stddev" : 1260905.794442,
          "N" : 20930174
        },
        "bw_min" : 152400,
        "bw_max" : 303120,
        "bw_agg" : 100.000000,
        "bw_mean" : 279333.253756,
        "bw_dev" : 250.137839,
        "bw_samples" : 38336,
        "iops_min" : 19050,
        "iops_max" : 37890,
        "iops_mean" : 34916.643573,
        "iops_stddev" : 31.267240,
        "iops_samples" : 38336
      },
      "write" : {
        "io_bytes" : 73493127168,
        "io_kbytes" : 71770632,
        "bw_bytes" : 122485891,
        "bw" : 119615,
        "iops" : 14951.581049,
        "runtime" : 600013,
        "total_ios" : 8971143,
        "short_ios" : 0,
        "drop_ios" : 0,
        "slat_ns" : {
          "min" : 1544,
          "max" : 468561,
          "mean" : 5837.739466,
          "stddev" : 3862.963904,
          "N" : 8971143
        },
        "clat_ns" : {
          "min" : 7146413,
          "max" : 251897759,
          "mean" : 12918877.678723,
          "stddev" : 1189115.311812,
          "N" : 8971329,
          "percentile" : {
            "1.000000" : 12124160,
            "5.000000" : 12255232,
            "10.000000" : 12386304,
            "20.000000" : 12517376,
            "30.000000" : 12648448,
            "40.000000" : 12648448,
            "50.000000" : 12779520,
            "60.000000" : 12910592,
            "70.000000" : 13041664,
            "80.000000" : 13434880,
            "90.000000" : 13697024,
            "95.000000" : 13828096,
            "99.000000" : 14221312,
            "99.500000" : 14483456,
            "99.900000" : 15138816,
            "99.950000" : 15532032,
            "99.990000" : 16580608
          }
        },
        "lat_ns" : {
          "min" : 7152304,
          "max" : 251901593,
          "mean" : 12924807.969705,
          "stddev" : 1188998.632978,
          "N" : 8971329
        },
        "bw_min" : 65840,
        "bw_max" : 141136,
        "bw_agg" : 100.000000,
        "bw_mean" : 119731.003339,
        "bw_dev" : 212.379039,
        "bw_samples" : 38336,
        "iops_min" : 8230,
        "iops_max" : 17642,
        "iops_mean" : 14966.363105,
        "iops_stddev" : 26.547396,
        "iops_samples" : 38336
      },
      "trim" : {
        "io_bytes" : 0,
        "io_kbytes" : 0,
        "bw_bytes" : 0,
        "bw" : 0,
        "iops" : 0.000000,
        "runtime" : 0,
        "total_ios" : 0,
        "short_ios" : 0,
        "drop_ios" : 0,
        "slat_ns" : {
          "min" : 0,
          "max" : 0,
          "mean" : 0.000000,
          "stddev" : 0.000000,
          "N" : 0
        },
        "clat_ns" : {
          "min" : 0,
          "max" : 0,
          "mean" : 0.000000,
          "stddev" : 0.000000,
          "N" : 0
        },
        "lat_ns" : {
          "min" : 0,
          "max" : 0,
          "mean" : 0.000000,
          "stddev" : 0.000000,
          "N" : 0
        },
        "bw_min" : 0,
        "bw_max" : 0,
        "bw_agg" : 0.000000,
        "bw_mean" : 0.000000,
        "bw_dev" : 0.000000,
        "bw_samples" : 0,
        "iops_min" : 0,
        "iops_max" : 0,
        "iops_mean" : 0.000000,
        "iops_stddev" : 0.000000,
        "iops_samples" : 0
      },
      "sync" : {
        "total_ios" : 0,
        "lat_ns" : {
          "min" : 0,
          "max" : 0,
          "mean" : 0.000000,
          "stddev" : 0.000000,
          "N" : 0
        }
      },
      "job_runtime" : 19200320,
      "usr_cpu" : 0.246449,
      "sys_cpu" : 1.236016,
      "ctx" : 29222871,
      "majf" : 0,
      "minf" : 9170,
      "iodepth_level" : {
        "1" : 0.000000,
        "2" : 0.000000,
        "4" : 0.000000,
        "8" : 0.000000,
        "16" : 100.000000,
        "32" : 0.000000,
        ">=64" : 0.000000
      },
      "iodepth_submit" : {
        "0" : 0.000000,
        "4" : 100.000000,
        "8" : 0.000000,
        "16" : 0.000000,
        "32" : 0.000000,
        "64" : 0.000000,
        ">=64" : 0.000000
      },
      "iodepth_complete" : {
        "0" : 0.000000,
        "4" : 99.999893,
        "8" : 0.000000,
        "16" : 0.000000,
        "32" : 0.100000,
        "64" : 0.000000,
        ">=64" : 0.000000
      },
      "latency_ns" : {
        "2" : 0.000000,
        "4" : 0.000000,
        "10" : 0.000000,
        "20" : 0.000000,
        "50" : 0.000000,
        "100" : 0.000000,
        "250" : 0.000000,
        "500" : 0.000000,
        "750" : 0.000000,
        "1000" : 0.000000
      },
      "latency_us" : {
        "2" : 0.000000,
        "4" : 0.000000,
        "10" : 0.000000,
        "20" : 0.000000,
        "50" : 0.000000,
        "100" : 0.000000,
        "250" : 0.000000,
        "500" : 0.000000,
        "750" : 0.000000,
        "1000" : 0.000000
      },
      "latency_ms" : {
        "2" : 0.000000,
        "4" : 0.000000,
        "10" : 0.010000,
        "20" : 99.994121,
        "50" : 0.010000,
        "100" : 0.010000,
        "250" : 0.010000,
        "500" : 0.010000,
        "750" : 0.000000,
        "1000" : 0.000000,
        "2000" : 0.000000,
        ">=2000" : 0.000000
      },
      "latency_depth" : 20,
      "latency_target" : 0,
      "latency_percentile" : 100.000000,
      "latency_window" : 0
    }
  ]
}
