{
  "fio version" : "fio-3.19",
  "timestamp" : 1636760090,
  "timestamp_ms" : 1636760090048,
  "time" : "Fri Nov 12 23:34:50 2021",
  "global options" : {
    "ioengine" : "libaio",
    "direct" : "1",
    "allow_file_create" : "1",
    "create_only" : "0",
    "runtime" : "600",
    "ramp_time" : "10",
    "directory" : "/hdd-nfs",
    "size" : "9G",
    "rw" : "rw",
    "rwmixread" : "70"
  },
  "jobs" : [
    {
      "jobname" : "seqrw",
      "groupid" : 0,
      "error" : 0,
      "eta" : 0,
      "elapsed" : 612,
      "job options" : {
        "name" : "seqrw",
        "bs" : "1M",
        "numjobs" : "32",
        "iodepth" : "20",
        "filename_format" : "seqrw.$jobnum.$filenum"
      },
      "read" : {
        "io_bytes" : 360621015040,
        "io_kbytes" : 352168960,
        "bw_bytes" : 600192754,
        "bw" : 586125,
        "iops" : 571.667760,
        "runtime" : 600842,
        "total_ios" : 343482,
        "short_ios" : 0,
        "drop_ios" : 0,
        "slat_ns" : {
          "min" : 50689,
          "max" : 1135250,
          "mean" : 99478.003351,
          "stddev" : 44864.794288,
          "N" : 343482
        },
        "clat_ns" : {
          "min" : 243657001,
          "max" : 2917460524,
          "mean" : 797648143.871556,
          "stddev" : 294699463.677698,
          "N" : 343915,
          "percentile" : {
            "1.000000" : 404750336,
            "5.000000" : 446693376,
            "10.000000" : 480247808,
            "20.000000" : 530579456,
            "30.000000" : 583008256,
            "40.000000" : 650117120,
            "50.000000" : 742391808,
            "60.000000" : 834666496,
            "70.000000" : 935329792,
            "80.000000" : 1035993088,
            "90.000000" : 1182793728,
            "95.000000" : 1333788672,
            "99.000000" : 1686110208,
            "99.500000" : 1820327936,
            "99.900000" : 2088763392,
            "99.950000" : 2197815296,
            "99.990000" : 2432696320
          }
        },
        "lat_ns" : {
          "min" : 243733553,
          "max" : 2917600434,
          "mean" : 797747982.886649,
          "stddev" : 294702204.204481,
          "N" : 343915
        },
        "bw_min" : 65536,
        "bw_max" : 1413120,
        "bw_agg" : 100.000000,
        "bw_mean" : 587519.421961,
        "bw_dev" : 7857.051406,
        "bw_samples" : 38301,
        "iops_min" : 64,
        "iops_max" : 1380,
        "iops_mean" : 573.736566,
        "iops_stddev" : 7.672546,
        "iops_samples" : 38301
      },
      "write" : {
        "io_bytes" : 154940735488,
        "io_kbytes" : 151309312,
        "bw_bytes" : 257872677,
        "bw" : 251828,
        "iops" : 245.635292,
        "runtime" : 600842,
        "total_ios" : 147588,
        "short_ios" : 0,
        "drop_ios" : 0,
        "slat_ns" : {
          "min" : 78836,
          "max" : 1565964,
          "mean" : 161311.718575,
          "stddev" : 61617.089159,
          "N" : 147588
        },
        "clat_ns" : {
          "min" : 246968384,
          "max" : 2011580368,
          "mean" : 746286934.378457,
          "stddev" : 250976680.165583,
          "N" : 147763,
          "percentile" : {
            "1.000000" : 400556032,
            "5.000000" : 446693376,
            "10.000000" : 471859200,
            "20.000000" : 513802240,
            "30.000000" : 557842432,
            "40.000000" : 616562688,
            "50.000000" : 692060160,
            "60.000000" : 784334848,
            "70.000000" : 876609536,
            "80.000000" : 968884224,
            "90.000000" : 1082130432,
            "95.000000" : 1182793728,
            "99.000000" : 1468006400,
            "99.500000" : 1585446912,
            "99.900000" : 1753219072,
            "99.950000" : 1837105152,
            "99.990000" : 2004877312
          }
        },
        "lat_ns" : {
          "min" : 247097261,
          "max" : 2011710415,
          "mean" : 746448635.102400,
          "stddev" : 250979677.979919,
          "N" : 147763
        },
        "bw_min" : 65536,
        "bw_max" : 808960,
        "bw_agg" : 100.000000,
        "bw_mean" : 259426.984472,
        "bw_dev" : 4201.582364,
        "bw_samples" : 37274,
        "iops_min" : 64,
        "iops_max" : 790,
        "iops_mean" : 253.334073,
        "iops_stddev" : 4.102825,
        "iops_samples" : 37274
      },
      "trim" : {
        "io_bytes" : 0,
        "io_kbytes" : 0,
        "bw_bytes" : 0,
        "bw" : 0,
        "iops" : 0.000000,
        "runtime" : 0,
        "total_ios" : 0,
        "short_ios" : 0,
        "drop_ios" : 0,
        "slat_ns" : {
          "min" : 0,
          "max" : 0,
          "mean" : 0.000000,
          "stddev" : 0.000000,
          "N" : 0
        },
        "clat_ns" : {
          "min" : 0,
          "max" : 0,
          "mean" : 0.000000,
          "stddev" : 0.000000,
          "N" : 0
        },
        "lat_ns" : {
          "min" : 0,
          "max" : 0,
          "mean" : 0.000000,
          "stddev" : 0.000000,
          "N" : 0
        },
        "bw_min" : 0,
        "bw_max" : 0,
        "bw_agg" : 0.000000,
        "bw_mean" : 0.000000,
        "bw_dev" : 0.000000,
        "bw_samples" : 0,
        "iops_min" : 0,
        "iops_max" : 0,
        "iops_mean" : 0.000000,
        "iops_stddev" : 0.000000,
        "iops_samples" : 0
      },
      "sync" : {
        "total_ios" : 0,
        "lat_ns" : {
          "min" : 0,
          "max" : 0,
          "mean" : 0.000000,
          "stddev" : 0.000000,
          "N" : 0
        }
      },
      "job_runtime" : 19222837,
      "usr_cpu" : 0.074765,
      "sys_cpu" : 0.282783,
      "ctx" : 485870,
      "majf" : 0,
      "minf" : 11300,
      "iodepth_level" : {
        "1" : 0.000000,
        "2" : 0.000000,
        "4" : 0.000000,
        "8" : 0.000000,
        "16" : 100.000000,
        "32" : 0.000000,
        ">=64" : 0.000000
      },
      "iodepth_submit" : {
        "0" : 0.000000,
        "4" : 100.000000,
        "8" : 0.000000,
        "16" : 0.000000,
        "32" : 0.000000,
        "64" : 0.000000,
        ">=64" : 0.000000
      },
      "iodepth_complete" : {
        "0" : 0.000000,
        "4" : 99.993484,
        "8" : 0.000000,
        "16" : 0.000000,
        "32" : 0.100000,
        "64" : 0.000000,
        ">=64" : 0.000000
      },
      "latency_ns" : {
        "2" : 0.000000,
        "4" : 0.000000,
        "10" : 0.000000,
        "20" : 0.000000,
        "50" : 0.000000,
        "100" : 0.000000,
        "250" : 0.000000,
        "500" : 0.000000,
        "750" : 0.000000,
        "1000" : 0.000000
      },
      "latency_us" : {
        "2" : 0.000000,
        "4" : 0.000000,
        "10" : 0.000000,
        "20" : 0.000000,
        "50" : 0.000000,
        "100" : 0.000000,
        "250" : 0.000000,
        "500" : 0.000000,
        "750" : 0.000000,
        "1000" : 0.000000
      },
      "latency_ms" : {
        "2" : 0.000000,
        "4" : 0.000000,
        "10" : 0.000000,
        "20" : 0.000000,
        "50" : 0.000000,
        "100" : 0.000000,
        "250" : 0.010000,
        "500" : 15.355245,
        "750" : 37.366567,
        "1000" : 25.962694,
        "2000" : 21.315495,
        ">=2000" : 0.122589
      },
      "latency_depth" : 20,
      "latency_target" : 0,
      "latency_percentile" : 100.000000,
      "latency_window" : 0
    }
  ]
}
