{
  "fio version" : "fio-3.19",
  "timestamp" : 1636757642,
  "timestamp_ms" : 1636757642971,
  "time" : "Fri Nov 12 22:54:02 2021",
  "global options" : {
    "ioengine" : "libaio",
    "direct" : "1",
    "allow_file_create" : "1",
    "create_only" : "0",
    "runtime" : "600",
    "ramp_time" : "10",
    "directory" : "/hdd-nfs",
    "size" : "9G",
    "rw" : "write"
  },
  "jobs" : [
    {
      "jobname" : "seqwrite",
      "groupid" : 0,
      "error" : 0,
      "eta" : 0,
      "elapsed" : 611,
      "job options" : {
        "name" : "seqwrite",
        "bs" : "1M",
        "numjobs" : "32",
        "iodepth" : "20",
        "filename_format" : "seqwrite.$jobnum.$filenum"
      },
      "read" : {
        "io_bytes" : 0,
        "io_kbytes" : 0,
        "bw_bytes" : 0,
        "bw" : 0,
        "iops" : 0.000000,
        "runtime" : 0,
        "total_ios" : 0,
        "short_ios" : 0,
        "drop_ios" : 0,
        "slat_ns" : {
          "min" : 0,
          "max" : 0,
          "mean" : 0.000000,
          "stddev" : 0.000000,
          "N" : 0
        },
        "clat_ns" : {
          "min" : 0,
          "max" : 0,
          "mean" : 0.000000,
          "stddev" : 0.000000,
          "N" : 0
        },
        "lat_ns" : {
          "min" : 0,
          "max" : 0,
          "mean" : 0.000000,
          "stddev" : 0.000000,
          "N" : 0
        },
        "bw_min" : 0,
        "bw_max" : 0,
        "bw_agg" : 0.000000,
        "bw_mean" : 0.000000,
        "bw_dev" : 0.000000,
        "bw_samples" : 0,
        "iops_min" : 0,
        "iops_max" : 0,
        "iops_mean" : 0.000000,
        "iops_stddev" : 0.000000,
        "iops_samples" : 0
      },
      "write" : {
        "io_bytes" : 521940238336,
        "io_kbytes" : 509707264,
        "bw_bytes" : 869083458,
        "bw" : 848714,
        "iops" : 827.808527,
        "runtime" : 600564,
        "total_ios" : 497152,
        "short_ios" : 0,
        "drop_ios" : 0,
        "slat_ns" : {
          "min" : 77306,
          "max" : 1400223,
          "mean" : 176728.687183,
          "stddev" : 71245.216398,
          "N" : 497153
        },
        "clat_ns" : {
          "min" : 460847612,
          "max" : 2356692196,
          "mean" : 772444653.313661,
          "stddev" : 363372037.708611,
          "N" : 497760,
          "percentile" : {
            "1.000000" : 566231040,
            "5.000000" : 574619648,
            "10.000000" : 574619648,
            "20.000000" : 574619648,
            "30.000000" : 574619648,
            "40.000000" : 574619648,
            "50.000000" : 574619648,
            "60.000000" : 574619648,
            "70.000000" : 692060160,
            "80.000000" : 968884224,
            "90.000000" : 1400897536,
            "95.000000" : 1619001344,
            "99.000000" : 1988100096,
            "99.500000" : 2122317824,
            "99.900000" : 2332033024,
            "99.950000" : 2332033024,
            "99.990000" : 2332033024
          }
        },
        "lat_ns" : {
          "min" : 460972219,
          "max" : 2356814472,
          "mean" : 772621740.428027,
          "stddev" : 363371210.615179,
          "N" : 497760
        },
        "bw_min" : 65536,
        "bw_max" : 1181696,
        "bw_agg" : 100.000000,
        "bw_mean" : 931618.081005,
        "bw_dev" : 9963.989463,
        "bw_samples" : 34959,
        "iops_min" : 64,
        "iops_max" : 1154,
        "iops_mean" : 909.768646,
        "iops_stddev" : 9.730198,
        "iops_samples" : 34959
      },
      "trim" : {
        "io_bytes" : 0,
        "io_kbytes" : 0,
        "bw_bytes" : 0,
        "bw" : 0,
        "iops" : 0.000000,
        "runtime" : 0,
        "total_ios" : 0,
        "short_ios" : 0,
        "drop_ios" : 0,
        "slat_ns" : {
          "min" : 0,
          "max" : 0,
          "mean" : 0.000000,
          "stddev" : 0.000000,
          "N" : 0
        },
        "clat_ns" : {
          "min" : 0,
          "max" : 0,
          "mean" : 0.000000,
          "stddev" : 0.000000,
          "N" : 0
        },
        "lat_ns" : {
          "min" : 0,
          "max" : 0,
          "mean" : 0.000000,
          "stddev" : 0.000000,
          "N" : 0
        },
        "bw_min" : 0,
        "bw_max" : 0,
        "bw_agg" : 0.000000,
        "bw_mean" : 0.000000,
        "bw_dev" : 0.000000,
        "bw_samples" : 0,
        "iops_min" : 0,
        "iops_max" : 0,
        "iops_mean" : 0.000000,
        "iops_stddev" : 0.000000,
        "iops_samples" : 0
      },
      "sync" : {
        "total_ios" : 0,
        "lat_ns" : {
          "min" : 0,
          "max" : 0,
          "mean" : 0.000000,
          "stddev" : 0.000000,
          "N" : 0
        }
      },
      "job_runtime" : 19217768,
      "usr_cpu" : 0.212985,
      "sys_cpu" : 0.288712,
      "ctx" : 497957,
      "majf" : 0,
      "minf" : 18922,
      "iodepth_level" : {
        "1" : 0.000000,
        "2" : 0.000000,
        "4" : 0.000000,
        "8" : 0.000000,
        "16" : 100.000000,
        "32" : 0.000000,
        ">=64" : 0.000000
      },
      "iodepth_submit" : {
        "0" : 0.000000,
        "4" : 100.000000,
        "8" : 0.000000,
        "16" : 0.000000,
        "32" : 0.000000,
        "64" : 0.000000,
        ">=64" : 0.000000
      },
      "iodepth_complete" : {
        "0" : 0.000000,
        "4" : 99.993564,
        "8" : 0.000000,
        "16" : 0.000000,
        "32" : 0.100000,
        "64" : 0.000000,
        ">=64" : 0.000000
      },
      "latency_ns" : {
        "2" : 0.000000,
        "4" : 0.000000,
        "10" : 0.000000,
        "20" : 0.000000,
        "50" : 0.000000,
        "100" : 0.000000,
        "250" : 0.000000,
        "500" : 0.000000,
        "750" : 0.000000,
        "1000" : 0.000000
      },
      "latency_us" : {
        "2" : 0.000000,
        "4" : 0.000000,
        "10" : 0.000000,
        "20" : 0.000000,
        "50" : 0.000000,
        "100" : 0.000000,
        "250" : 0.000000,
        "500" : 0.000000,
        "750" : 0.000000,
        "1000" : 0.000000
      },
      "latency_ms" : {
        "2" : 0.000000,
        "4" : 0.000000,
        "10" : 0.000000,
        "20" : 0.000000,
        "50" : 0.000000,
        "100" : 0.000000,
        "250" : 0.000000,
        "500" : 0.010000,
        "750" : 72.064479,
        "1000" : 8.889434,
        "2000" : 18.187999,
        ">=2000" : 0.979982
      },
      "latency_depth" : 20,
      "latency_target" : 0,
      "latency_percentile" : 100.000000,
      "latency_window" : 0
    }
  ]
}
