{
  "fio version" : "fio-3.19",
  "timestamp" : 1636758866,
  "timestamp_ms" : 1636758866383,
  "time" : "Fri Nov 12 23:14:26 2021",
  "global options" : {
    "ioengine" : "libaio",
    "direct" : "1",
    "allow_file_create" : "1",
    "create_only" : "0",
    "runtime" : "600",
    "ramp_time" : "10",
    "directory" : "/hdd-nfs",
    "size" : "9G",
    "rw" : "read"
  },
  "jobs" : [
    {
      "jobname" : "seqread",
      "groupid" : 0,
      "error" : 0,
      "eta" : 0,
      "elapsed" : 612,
      "job options" : {
        "name" : "seqread",
        "bs" : "1M",
        "numjobs" : "32",
        "iodepth" : "20",
        "filename_format" : "seqread.$jobnum.$filenum"
      },
      "read" : {
        "io_bytes" : 547476209664,
        "io_kbytes" : 534644736,
        "bw_bytes" : 911472920,
        "bw" : 890110,
        "iops" : 868.236078,
        "runtime" : 600650,
        "total_ios" : 521506,
        "short_ios" : 0,
        "drop_ios" : 0,
        "slat_ns" : {
          "min" : 43489,
          "max" : 1052949,
          "mean" : 99612.609659,
          "stddev" : 39186.698604,
          "N" : 521506
        },
        "clat_ns" : {
          "min" : 524950077,
          "max" : 3322076951,
          "mean" : 736389244.440910,
          "stddev" : 155113356.348735,
          "N" : 522114,
          "percentile" : {
            "1.000000" : 566231040,
            "5.000000" : 574619648,
            "10.000000" : 583008256,
            "20.000000" : 591396864,
            "30.000000" : 599785472,
            "40.000000" : 616562688,
            "50.000000" : 683671552,
            "60.000000" : 775946240,
            "70.000000" : 834666496,
            "80.000000" : 884998144,
            "90.000000" : 960495616,
            "95.000000" : 1010827264,
            "99.000000" : 1115684864,
            "99.500000" : 1149239296,
            "99.900000" : 1283457024,
            "99.950000" : 1333788672,
            "99.990000" : 1468006400
          }
        },
        "lat_ns" : {
          "min" : 525020853,
          "max" : 3322145957,
          "mean" : 736489198.728827,
          "stddev" : 155114948.752279,
          "N" : 522114
        },
        "bw_min" : 245760,
        "bw_max" : 1310720,
        "bw_agg" : 100.000000,
        "bw_mean" : 890488.888240,
        "bw_dev" : 6708.894465,
        "bw_samples" : 38368,
        "iops_min" : 240,
        "iops_max" : 1280,
        "iops_mean" : 869.603837,
        "iops_stddev" : 6.551293,
        "iops_samples" : 38368
      },
      "write" : {
        "io_bytes" : 0,
        "io_kbytes" : 0,
        "bw_bytes" : 0,
        "bw" : 0,
        "iops" : 0.000000,
        "runtime" : 0,
        "total_ios" : 0,
        "short_ios" : 0,
        "drop_ios" : 0,
        "slat_ns" : {
          "min" : 0,
          "max" : 0,
          "mean" : 0.000000,
          "stddev" : 0.000000,
          "N" : 0
        },
        "clat_ns" : {
          "min" : 0,
          "max" : 0,
          "mean" : 0.000000,
          "stddev" : 0.000000,
          "N" : 0
        },
        "lat_ns" : {
          "min" : 0,
          "max" : 0,
          "mean" : 0.000000,
          "stddev" : 0.000000,
          "N" : 0
        },
        "bw_min" : 0,
        "bw_max" : 0,
        "bw_agg" : 0.000000,
        "bw_mean" : 0.000000,
        "bw_dev" : 0.000000,
        "bw_samples" : 0,
        "iops_min" : 0,
        "iops_max" : 0,
        "iops_mean" : 0.000000,
        "iops_stddev" : 0.000000,
        "iops_samples" : 0
      },
      "trim" : {
        "io_bytes" : 0,
        "io_kbytes" : 0,
        "bw_bytes" : 0,
        "bw" : 0,
        "iops" : 0.000000,
        "runtime" : 0,
        "total_ios" : 0,
        "short_ios" : 0,
        "drop_ios" : 0,
        "slat_ns" : {
          "min" : 0,
          "max" : 0,
          "mean" : 0.000000,
          "stddev" : 0.000000,
          "N" : 0
        },
        "clat_ns" : {
          "min" : 0,
          "max" : 0,
          "mean" : 0.000000,
          "stddev" : 0.000000,
          "N" : 0
        },
        "lat_ns" : {
          "min" : 0,
          "max" : 0,
          "mean" : 0.000000,
          "stddev" : 0.000000,
          "N" : 0
        },
        "bw_min" : 0,
        "bw_max" : 0,
        "bw_agg" : 0.000000,
        "bw_mean" : 0.000000,
        "bw_dev" : 0.000000,
        "bw_samples" : 0,
        "iops_min" : 0,
        "iops_max" : 0,
        "iops_mean" : 0.000000,
        "iops_stddev" : 0.000000,
        "iops_samples" : 0
      },
      "sync" : {
        "total_ios" : 0,
        "lat_ns" : {
          "min" : 0,
          "max" : 0,
          "mean" : 0.000000,
          "stddev" : 0.000000,
          "N" : 0
        }
      },
      "job_runtime" : 19217843,
      "usr_cpu" : 0.020928,
      "sys_cpu" : 0.303593,
      "ctx" : 516178,
      "majf" : 0,
      "minf" : 14898,
      "iodepth_level" : {
        "1" : 0.000000,
        "2" : 0.000000,
        "4" : 0.000000,
        "8" : 0.000000,
        "16" : 100.000000,
        "32" : 0.000000,
        ">=64" : 0.000000
      },
      "iodepth_submit" : {
        "0" : 0.000000,
        "4" : 100.000000,
        "8" : 0.000000,
        "16" : 0.000000,
        "32" : 0.000000,
        "64" : 0.000000,
        ">=64" : 0.000000
      },
      "iodepth_complete" : {
        "0" : 0.000000,
        "4" : 99.993864,
        "8" : 0.000000,
        "16" : 0.000000,
        "32" : 0.100000,
        "64" : 0.000000,
        ">=64" : 0.000000
      },
      "latency_ns" : {
        "2" : 0.000000,
        "4" : 0.000000,
        "10" : 0.000000,
        "20" : 0.000000,
        "50" : 0.000000,
        "100" : 0.000000,
        "250" : 0.000000,
        "500" : 0.000000,
        "750" : 0.000000,
        "1000" : 0.000000
      },
      "latency_us" : {
        "2" : 0.000000,
        "4" : 0.000000,
        "10" : 0.000000,
        "20" : 0.000000,
        "50" : 0.000000,
        "100" : 0.000000,
        "250" : 0.000000,
        "500" : 0.000000,
        "750" : 0.000000,
        "1000" : 0.000000
      },
      "latency_ms" : {
        "2" : 0.000000,
        "4" : 0.000000,
        "10" : 0.000000,
        "20" : 0.000000,
        "50" : 0.000000,
        "100" : 0.000000,
        "250" : 0.000000,
        "500" : 0.000000,
        "750" : 56.170015,
        "1000" : 37.933025,
        "2000" : 6.013162,
        ">=2000" : 0.010000
      },
      "latency_depth" : 20,
      "latency_target" : 0,
      "latency_percentile" : 100.000000,
      "latency_window" : 0
    }
  ]
}
