{
  "fio version" : "fio-3.19",
  "timestamp" : 1636761313,
  "timestamp_ms" : 1636761313960,
  "time" : "Fri Nov 12 23:55:13 2021",
  "global options" : {
    "ioengine" : "libaio",
    "direct" : "1",
    "allow_file_create" : "1",
    "create_only" : "0",
    "runtime" : "600",
    "ramp_time" : "10",
    "directory" : "/hdd-nfs",
    "size" : "9G",
    "rw" : "rw",
    "rwmixread" : "50"
  },
  "jobs" : [
    {
      "jobname" : "seqrw",
      "groupid" : 0,
      "error" : 0,
      "eta" : 0,
      "elapsed" : 612,
      "job options" : {
        "name" : "seqrw",
        "bs" : "1M",
        "numjobs" : "32",
        "iodepth" : "20",
        "filename_format" : "seqrw.$jobnum.$filenum"
      },
      "read" : {
        "io_bytes" : 319370035200,
        "io_kbytes" : 311884800,
        "bw_bytes" : 531205045,
        "bw" : 518754,
        "iops" : 506.079326,
        "runtime" : 601218,
        "total_ios" : 304264,
        "short_ios" : 0,
        "drop_ios" : 0,
        "slat_ns" : {
          "min" : 49069,
          "max" : 1240352,
          "mean" : 92765.577913,
          "stddev" : 40815.865367,
          "N" : 304264
        },
        "clat_ns" : {
          "min" : 100963775,
          "max" : 2673745710,
          "mean" : 647450621.110383,
          "stddev" : 274692244.383206,
          "N" : 304575,
          "percentile" : {
            "1.000000" : 354418688,
            "5.000000" : 392167424,
            "10.000000" : 404750336,
            "20.000000" : 417333248,
            "30.000000" : 438304768,
            "40.000000" : 484442112,
            "50.000000" : 566231040,
            "60.000000" : 641728512,
            "70.000000" : 734003200,
            "80.000000" : 843055104,
            "90.000000" : 1027604480,
            "95.000000" : 1233125376,
            "99.000000" : 1535115264,
            "99.500000" : 1669332992,
            "99.900000" : 1904214016,
            "99.950000" : 2021654528,
            "99.990000" : 2298478592
          }
        },
        "lat_ns" : {
          "min" : 101039138,
          "max" : 2673851259,
          "mean" : 647543722.891015,
          "stddev" : 274693458.100127,
          "N" : 304575
        },
        "bw_min" : 65536,
        "bw_max" : 1269760,
        "bw_agg" : 100.000000,
        "bw_mean" : 537817.455045,
        "bw_dev" : 7233.213468,
        "bw_samples" : 37071,
        "iops_min" : 64,
        "iops_max" : 1240,
        "iops_mean" : 525.198672,
        "iops_stddev" : 7.064102,
        "iops_samples" : 37071
      },
      "write" : {
        "io_bytes" : 320649297920,
        "io_kbytes" : 313134080,
        "bw_bytes" : 533332830,
        "bw" : 520832,
        "iops" : 508.131826,
        "runtime" : 601218,
        "total_ios" : 305498,
        "short_ios" : 0,
        "drop_ios" : 0,
        "slat_ns" : {
          "min" : 75152,
          "max" : 1499481,
          "mean" : 154617.227216,
          "stddev" : 57025.985313,
          "N" : 305498
        },
        "clat_ns" : {
          "min" : 59490873,
          "max" : 2596599370,
          "mean" : 613256382.760771,
          "stddev" : 237036054.488155,
          "N" : 305795,
          "percentile" : {
            "1.000000" : 341835776,
            "5.000000" : 392167424,
            "10.000000" : 400556032,
            "20.000000" : 417333248,
            "30.000000" : 434110464,
            "40.000000" : 467664896,
            "50.000000" : 541065216,
            "60.000000" : 616562688,
            "70.000000" : 692060160,
            "80.000000" : 784334848,
            "90.000000" : 943718400,
            "95.000000" : 1098907648,
            "99.000000" : 1367343104,
            "99.500000" : 1434451968,
            "99.900000" : 1669332992,
            "99.950000" : 1786773504,
            "99.990000" : 2038431744
          }
        },
        "lat_ns" : {
          "min" : 59612784,
          "max" : 2596792311,
          "mean" : 613411352.064124,
          "stddev" : 237036541.866790,
          "N" : 305795
        },
        "bw_min" : 65536,
        "bw_max" : 1257472,
        "bw_agg" : 100.000000,
        "bw_mean" : 539848.828787,
        "bw_dev" : 7116.954288,
        "bw_samples" : 37081,
        "iops_min" : 64,
        "iops_max" : 1228,
        "iops_mean" : 527.182950,
        "iops_stddev" : 6.950555,
        "iops_samples" : 37081
      },
      "trim" : {
        "io_bytes" : 0,
        "io_kbytes" : 0,
        "bw_bytes" : 0,
        "bw" : 0,
        "iops" : 0.000000,
        "runtime" : 0,
        "total_ios" : 0,
        "short_ios" : 0,
        "drop_ios" : 0,
        "slat_ns" : {
          "min" : 0,
          "max" : 0,
          "mean" : 0.000000,
          "stddev" : 0.000000,
          "N" : 0
        },
        "clat_ns" : {
          "min" : 0,
          "max" : 0,
          "mean" : 0.000000,
          "stddev" : 0.000000,
          "N" : 0
        },
        "lat_ns" : {
          "min" : 0,
          "max" : 0,
          "mean" : 0.000000,
          "stddev" : 0.000000,
          "N" : 0
        },
        "bw_min" : 0,
        "bw_max" : 0,
        "bw_agg" : 0.000000,
        "bw_mean" : 0.000000,
        "bw_dev" : 0.000000,
        "bw_samples" : 0,
        "iops_min" : 0,
        "iops_max" : 0,
        "iops_mean" : 0.000000,
        "iops_stddev" : 0.000000,
        "iops_samples" : 0
      },
      "sync" : {
        "total_ios" : 0,
        "lat_ns" : {
          "min" : 0,
          "max" : 0,
          "mean" : 0.000000,
          "stddev" : 0.000000,
          "N" : 0
        }
      },
      "job_runtime" : 19227295,
      "usr_cpu" : 0.128682,
      "sys_cpu" : 0.322989,
      "ctx" : 605684,
      "majf" : 0,
      "minf" : 23162,
      "iodepth_level" : {
        "1" : 0.000000,
        "2" : 0.000000,
        "4" : 0.000000,
        "8" : 0.000000,
        "16" : 100.000000,
        "32" : 0.000000,
        ">=64" : 0.000000
      },
      "iodepth_submit" : {
        "0" : 0.000000,
        "4" : 100.000000,
        "8" : 0.000000,
        "16" : 0.000000,
        "32" : 0.000000,
        "64" : 0.000000,
        ">=64" : 0.000000
      },
      "iodepth_complete" : {
        "0" : 0.000000,
        "4" : 99.994752,
        "8" : 0.000000,
        "16" : 0.000000,
        "32" : 0.100000,
        "64" : 0.000000,
        ">=64" : 0.000000
      },
      "latency_ns" : {
        "2" : 0.000000,
        "4" : 0.000000,
        "10" : 0.000000,
        "20" : 0.000000,
        "50" : 0.000000,
        "100" : 0.000000,
        "250" : 0.000000,
        "500" : 0.000000,
        "750" : 0.000000,
        "1000" : 0.000000
      },
      "latency_us" : {
        "2" : 0.000000,
        "4" : 0.000000,
        "10" : 0.000000,
        "20" : 0.000000,
        "50" : 0.000000,
        "100" : 0.000000,
        "250" : 0.000000,
        "500" : 0.000000,
        "750" : 0.000000,
        "1000" : 0.000000
      },
      "latency_ms" : {
        "2" : 0.000000,
        "4" : 0.000000,
        "10" : 0.000000,
        "20" : 0.000000,
        "50" : 0.000000,
        "100" : 0.010000,
        "250" : 0.076915,
        "500" : 43.186358,
        "750" : 31.198402,
        "1000" : 16.363762,
        "2000" : 9.240163,
        ">=2000" : 0.033292
      },
      "latency_depth" : 20,
      "latency_target" : 0,
      "latency_percentile" : 100.000000,
      "latency_window" : 0
    }
  ]
}
